<?xml version="1.0"?>
<config>
    <menu>
        <salestaff module="salestaff" translate="title">
            <title>Sale staff</title>
            <sort_order>70</sort_order>
            <children>
                <staff module="salestaff" translate="title">
                    <title>Manage Staffs</title>
                    <sort_order>0</sort_order>
                    <action>salestaffadmin/adminhtml_staff</action>
                </staff>
            </children>
        </salestaff>
    </menu>
    <acl>
        <resources>
            <all>
                <title>Allow Everything</title>
            </all>
            <admin>
                <children>
                    <system>
                        <children>
                            <config>
                                <children>
                                    <salestaff module="salestaff" translate="title">
                                        <title>Salestaff</title>
                                        <sort_order>1</sort_order>
                                    </salestaff>
                                </children>
                            </config>
                        </children>
                    </system>
                    <salestaff module="salestaff" translate="title">
                        <title>Salestaff</title>
                        <sort_order>1</sort_order>
                        <children>
                            <staff module="salestaff" translate="title">
                                <title>Manage Staffs</title>
                                <sort_order>0</sort_order>
                                <action>salestaff/adminhtml_staff</action>
                            </staff>
                        </children>
                    </salestaff>
                </children>
            </admin>
        </resources>
    </acl>
</config>